network,isc
Net1,0.019243412536814424
Net2,0.04037043485260081
Net3,0.02709565543949804
Net4,0.023924497973223623
Net5,0.01579489678833867
Net6,0.03971295209633278
Net7,0.04032735355887158
