{
  "subject": "sub-08",
  "accuracy": 0.6358385783043318,
  "perm_p": 0.001996007984031936,
  "cv_scores": [
    0.5945945945945946,
    0.6756756756756757,
    0.6486486486486487,
    0.6438356164383562,
    0.6164383561643836
  ],
  "confusion": [
    [
      156,
      0,
      0
    ],
    [
      0,
      138,
      0
    ],
    [
      4,
      0,
      70
    ]
  ],
  "report": {
    "0": {
      "precision": 0.975,
      "recall": 1.0,
      "f1-score": 0.9873417721518988,
      "support": 156.0
    },
    "1": {
      "precision": 1.0,
      "recall": 1.0,
      "f1-score": 1.0,
      "support": 138.0
    },
    "2": {
      "precision": 1.0,
      "recall": 0.9459459459459459,
      "f1-score": 0.9722222222222222,
      "support": 74.0
    },
    "accuracy": 0.9891304347826086,
    "macro avg": {
      "precision": 0.9916666666666667,
      "recall": 0.981981981981982,
      "f1-score": 0.9865213314580403,
      "support": 368.0
    },
    "weighted avg": {
      "precision": 0.9894021739130435,
      "recall": 0.9891304347826086,
      "f1-score": 0.9890482633155997,
      "support": 368.0
    }
  }
}