{
  "subject": "sub-07",
  "accuracy": 0.573306182895224,
  "perm_p": 0.001996007984031936,
  "cv_scores": [
    0.581081081081081,
    0.581081081081081,
    0.581081081081081,
    0.5616438356164384,
    0.5616438356164384
  ],
  "confusion": [
    [
      155,
      1,
      0
    ],
    [
      0,
      138,
      0
    ],
    [
      5,
      2,
      67
    ]
  ],
  "report": {
    "0": {
      "precision": 0.96875,
      "recall": 0.9935897435897436,
      "f1-score": 0.9810126582278481,
      "support": 156.0
    },
    "1": {
      "precision": 0.9787234042553191,
      "recall": 1.0,
      "f1-score": 0.989247311827957,
      "support": 138.0
    },
    "2": {
      "precision": 1.0,
      "recall": 0.9054054054054054,
      "f1-score": 0.950354609929078,
      "support": 74.0
    },
    "accuracy": 0.9782608695652174,
    "macro avg": {
      "precision": 0.982491134751773,
      "recall": 0.9663317163317163,
      "f1-score": 0.9735381933282943,
      "support": 368.0
    },
    "weighted avg": {
      "precision": 0.9787739939870489,
      "recall": 0.9782608695652174,
      "f1-score": 0.977935719702593,
      "support": 368.0
    }
  }
}