{
  "subject": "sub-12",
  "accuracy": 0.6468345057386153,
  "perm_p": 0.001996007984031936,
  "cv_scores": [
    0.6756756756756757,
    0.6081081081081081,
    0.6216216216216216,
    0.6986301369863014,
    0.6301369863013698
  ],
  "confusion": [
    [
      156,
      0,
      0
    ],
    [
      0,
      138,
      0
    ],
    [
      3,
      1,
      70
    ]
  ],
  "report": {
    "0": {
      "precision": 0.9811320754716981,
      "recall": 1.0,
      "f1-score": 0.9904761904761905,
      "support": 156.0
    },
    "1": {
      "precision": 0.9928057553956835,
      "recall": 1.0,
      "f1-score": 0.9963898916967509,
      "support": 138.0
    },
    "2": {
      "precision": 1.0,
      "recall": 0.9459459459459459,
      "f1-score": 0.9722222222222222,
      "support": 74.0
    },
    "accuracy": 0.9891304347826086,
    "macro avg": {
      "precision": 0.9913126102891271,
      "recall": 0.981981981981982,
      "f1-score": 0.9863627681317212,
      "support": 368.0
    },
    "weighted avg": {
      "precision": 0.9893037989624708,
      "recall": 0.9891304347826086,
      "f1-score": 0.9890231935132658,
      "support": 368.0
    }
  }
}