{
  "subject": "sub-10",
  "accuracy": 0.5788596815994076,
  "perm_p": 0.001996007984031936,
  "cv_scores": [
    0.6081081081081081,
    0.581081081081081,
    0.527027027027027,
    0.6027397260273972,
    0.5753424657534246
  ],
  "confusion": [
    [
      155,
      1,
      0
    ],
    [
      6,
      132,
      0
    ],
    [
      7,
      0,
      67
    ]
  ],
  "report": {
    "0": {
      "precision": 0.9226190476190477,
      "recall": 0.9935897435897436,
      "f1-score": 0.9567901234567902,
      "support": 156.0
    },
    "1": {
      "precision": 0.9924812030075187,
      "recall": 0.9565217391304348,
      "f1-score": 0.974169741697417,
      "support": 138.0
    },
    "2": {
      "precision": 1.0,
      "recall": 0.9054054054054054,
      "f1-score": 0.950354609929078,
      "support": 74.0
    },
    "accuracy": 0.9619565217391305,
    "macro avg": {
      "precision": 0.9717000835421888,
      "recall": 0.951838962708528,
      "f1-score": 0.9604381583610951,
      "support": 368.0
    },
    "weighted avg": {
      "precision": 0.9643776560967636,
      "recall": 0.9619565217391305,
      "f1-score": 0.9620133824680831,
      "support": 368.0
    }
  }
}