{
  "subject": "sub-05",
  "accuracy": 0.6276934468715292,
  "perm_p": 0.001996007984031936,
  "cv_scores": [
    0.6081081081081081,
    0.7162162162162162,
    0.5675675675675675,
    0.6301369863013698,
    0.6164383561643836
  ],
  "confusion": [
    [
      155,
      1,
      0
    ],
    [
      1,
      137,
      0
    ],
    [
      2,
      3,
      69
    ]
  ],
  "report": {
    "0": {
      "precision": 0.9810126582278481,
      "recall": 0.9935897435897436,
      "f1-score": 0.9872611464968153,
      "support": 156.0
    },
    "1": {
      "precision": 0.9716312056737588,
      "recall": 0.9927536231884058,
      "f1-score": 0.982078853046595,
      "support": 138.0
    },
    "2": {
      "precision": 1.0,
      "recall": 0.9324324324324325,
      "f1-score": 0.965034965034965,
      "support": 74.0
    },
    "accuracy": 0.9809782608695652,
    "macro avg": {
      "precision": 0.9842146213005356,
      "recall": 0.9729252664035273,
      "f1-score": 0.9781249881927918,
      "support": 368.0
    },
    "weighted avg": {
      "precision": 0.9813127202894647,
      "recall": 0.9809782608695652,
      "f1-score": 0.9808483912677193,
      "support": 368.0
    }
  }
}