{
  "subject": "sub-13",
  "accuracy": 0.5269159570529433,
  "perm_p": 0.001996007984031936,
  "cv_scores": [
    0.5,
    0.6081081081081081,
    0.5675675675675675,
    0.5616438356164384,
    0.3972602739726027
  ],
  "confusion": [
    [
      155,
      1,
      0
    ],
    [
      4,
      134,
      0
    ],
    [
      2,
      3,
      69
    ]
  ],
  "report": {
    "0": {
      "precision": 0.9627329192546584,
      "recall": 0.9935897435897436,
      "f1-score": 0.9779179810725552,
      "support": 156.0
    },
    "1": {
      "precision": 0.9710144927536232,
      "recall": 0.9710144927536232,
      "f1-score": 0.9710144927536232,
      "support": 138.0
    },
    "2": {
      "precision": 1.0,
      "recall": 0.9324324324324325,
      "f1-score": 0.965034965034965,
      "support": 74.0
    },
    "accuracy": 0.9728260869565217,
    "macro avg": {
      "precision": 0.9779158040027606,
      "recall": 0.965678889591933,
      "f1-score": 0.9713224796203811,
      "support": 368.0
    },
    "weighted avg": {
      "precision": 0.9733324331623009,
      "recall": 0.9728260869565217,
      "f1-score": 0.972738566467136,
      "support": 368.0
    }
  }
}