{
  "subject": "sub-06",
  "accuracy": 0.6087745279526102,
  "perm_p": 0.001996007984031936,
  "cv_scores": [
    0.6081081081081081,
    0.6081081081081081,
    0.581081081081081,
    0.5753424657534246,
    0.6712328767123288
  ],
  "confusion": [
    [
      156,
      0,
      0
    ],
    [
      1,
      137,
      0
    ],
    [
      0,
      0,
      74
    ]
  ],
  "report": {
    "0": {
      "precision": 0.9936305732484076,
      "recall": 1.0,
      "f1-score": 0.9968051118210862,
      "support": 156.0
    },
    "1": {
      "precision": 1.0,
      "recall": 0.9927536231884058,
      "f1-score": 0.9963636363636363,
      "support": 138.0
    },
    "2": {
      "precision": 1.0,
      "recall": 1.0,
      "f1-score": 1.0,
      "support": 74.0
    },
    "accuracy": 0.9972826086956522,
    "macro avg": {
      "precision": 0.9978768577494691,
      "recall": 0.9975845410628019,
      "f1-score": 0.9977229160615741,
      "support": 368.0
    },
    "weighted avg": {
      "precision": 0.9972999169205206,
      "recall": 0.9972826086956522,
      "f1-score": 0.9972820088648675,
      "support": 368.0
    }
  }
}