{
  "subject": "sub-04",
  "accuracy": 0.700925583117364,
  "perm_p": 0.001996007984031936,
  "cv_scores": [
    0.6756756756756757,
    0.7432432432432432,
    0.7432432432432432,
    0.6712328767123288,
    0.6712328767123288
  ],
  "confusion": [
    [
      156,
      0,
      0
    ],
    [
      3,
      135,
      0
    ],
    [
      0,
      0,
      74
    ]
  ],
  "report": {
    "0": {
      "precision": 0.9811320754716981,
      "recall": 1.0,
      "f1-score": 0.9904761904761905,
      "support": 156.0
    },
    "1": {
      "precision": 1.0,
      "recall": 0.9782608695652174,
      "f1-score": 0.989010989010989,
      "support": 138.0
    },
    "2": {
      "precision": 1.0,
      "recall": 1.0,
      "f1-score": 1.0,
      "support": 74.0
    },
    "accuracy": 0.9918478260869565,
    "macro avg": {
      "precision": 0.9937106918238993,
      "recall": 0.9927536231884058,
      "f1-score": 0.9931623931623932,
      "support": 368.0
    },
    "weighted avg": {
      "precision": 0.9920016406890895,
      "recall": 0.9918478260869565,
      "f1-score": 0.9918418537983756,
      "support": 368.0
    }
  }
}