{
  "subject": "sub-01",
  "accuracy": 0.5786745649759348,
  "perm_p": 0.001996007984031936,
  "cv_scores": [
    0.6081081081081081,
    0.5675675675675675,
    0.6081081081081081,
    0.5753424657534246,
    0.5342465753424658
  ],
  "confusion": [
    [
      156,
      0,
      0
    ],
    [
      3,
      135,
      0
    ],
    [
      3,
      5,
      66
    ]
  ],
  "report": {
    "0": {
      "precision": 0.9629629629629629,
      "recall": 1.0,
      "f1-score": 0.9811320754716981,
      "support": 156.0
    },
    "1": {
      "precision": 0.9642857142857143,
      "recall": 0.9782608695652174,
      "f1-score": 0.9712230215827338,
      "support": 138.0
    },
    "2": {
      "precision": 1.0,
      "recall": 0.8918918918918919,
      "f1-score": 0.9428571428571428,
      "support": 74.0
    },
    "accuracy": 0.970108695652174,
    "macro avg": {
      "precision": 0.9757495590828924,
      "recall": 0.9567175871523697,
      "f1-score": 0.9650707466371916,
      "support": 368.0
    },
    "weighted avg": {
      "precision": 0.9709066597653554,
      "recall": 0.970108695652174,
      "f1-score": 0.969719590552801,
      "support": 368.0
    }
  }
}