{
  "subject": "sub-15",
  "accuracy": 0.5759348389485376,
  "perm_p": 0.001996007984031936,
  "cv_scores": [
    0.581081081081081,
    0.5945945945945946,
    0.6081081081081081,
    0.547945205479452,
    0.547945205479452
  ],
  "confusion": [
    [
      155,
      1,
      0
    ],
    [
      5,
      133,
      0
    ],
    [
      3,
      0,
      71
    ]
  ],
  "report": {
    "0": {
      "precision": 0.950920245398773,
      "recall": 0.9935897435897436,
      "f1-score": 0.9717868338557993,
      "support": 156.0
    },
    "1": {
      "precision": 0.9925373134328358,
      "recall": 0.9637681159420289,
      "f1-score": 0.9779411764705882,
      "support": 138.0
    },
    "2": {
      "precision": 1.0,
      "recall": 0.9594594594594594,
      "f1-score": 0.9793103448275862,
      "support": 74.0
    },
    "accuracy": 0.9755434782608695,
    "macro avg": {
      "precision": 0.9811525196105363,
      "recall": 0.9722724396637439,
      "f1-score": 0.976346118384658,
      "support": 368.0
    },
    "weighted avg": {
      "precision": 0.9763959443911411,
      "recall": 0.9755434782608695,
      "f1-score": 0.9756075922600196,
      "support": 368.0
    }
  }
}