{
  "subject": "sub-09",
  "accuracy": 0.7253980007404666,
  "perm_p": 0.001996007984031936,
  "cv_scores": [
    0.7162162162162162,
    0.7432432432432432,
    0.7702702702702703,
    0.6986301369863014,
    0.6986301369863014
  ],
  "confusion": [
    [
      156,
      0,
      0
    ],
    [
      1,
      137,
      0
    ],
    [
      0,
      1,
      73
    ]
  ],
  "report": {
    "0": {
      "precision": 0.9936305732484076,
      "recall": 1.0,
      "f1-score": 0.9968051118210862,
      "support": 156.0
    },
    "1": {
      "precision": 0.9927536231884058,
      "recall": 0.9927536231884058,
      "f1-score": 0.9927536231884058,
      "support": 138.0
    },
    "2": {
      "precision": 1.0,
      "recall": 0.9864864864864865,
      "f1-score": 0.9931972789115646,
      "support": 74.0
    },
    "accuracy": 0.9945652173913043,
    "macro avg": {
      "precision": 0.9954613988122712,
      "recall": 0.9930800365582974,
      "f1-score": 0.9942520046403521,
      "support": 368.0
    },
    "weighted avg": {
      "precision": 0.9945825256161728,
      "recall": 0.9945652173913043,
      "f1-score": 0.9945603154444164,
      "support": 368.0
    }
  }
}