{
  "subject": "sub-14",
  "accuracy": 0.6464272491669751,
  "perm_p": 0.001996007984031936,
  "cv_scores": [
    0.7162162162162162,
    0.7027027027027027,
    0.6351351351351351,
    0.5616438356164384,
    0.6164383561643836
  ],
  "confusion": [
    [
      155,
      1,
      0
    ],
    [
      3,
      135,
      0
    ],
    [
      1,
      0,
      73
    ]
  ],
  "report": {
    "0": {
      "precision": 0.9748427672955975,
      "recall": 0.9935897435897436,
      "f1-score": 0.9841269841269841,
      "support": 156.0
    },
    "1": {
      "precision": 0.9926470588235294,
      "recall": 0.9782608695652174,
      "f1-score": 0.9854014598540146,
      "support": 138.0
    },
    "2": {
      "precision": 1.0,
      "recall": 0.9864864864864865,
      "f1-score": 0.9931972789115646,
      "support": 74.0
    },
    "accuracy": 0.9864130434782609,
    "macro avg": {
      "precision": 0.9891632753730423,
      "recall": 0.9861123665471491,
      "f1-score": 0.9875752409641878,
      "support": 368.0
    },
    "weighted avg": {
      "precision": 0.9865781679776096,
      "recall": 0.9864130434782609,
      "f1-score": 0.9864288304976069,
      "support": 368.0
    }
  }
}