{
  "subject": "sub-02",
  "accuracy": 0.7367641614216958,
  "perm_p": 0.001996007984031936,
  "cv_scores": [
    0.6891891891891891,
    0.7027027027027027,
    0.6891891891891891,
    0.821917808219178,
    0.7808219178082192
  ],
  "confusion": [
    [
      156,
      0,
      0
    ],
    [
      0,
      138,
      0
    ],
    [
      0,
      1,
      73
    ]
  ],
  "report": {
    "0": {
      "precision": 1.0,
      "recall": 1.0,
      "f1-score": 1.0,
      "support": 156.0
    },
    "1": {
      "precision": 0.9928057553956835,
      "recall": 1.0,
      "f1-score": 0.9963898916967509,
      "support": 138.0
    },
    "2": {
      "precision": 1.0,
      "recall": 0.9864864864864865,
      "f1-score": 0.9931972789115646,
      "support": 74.0
    },
    "accuracy": 0.9972826086956522,
    "macro avg": {
      "precision": 0.9976019184652278,
      "recall": 0.9954954954954954,
      "f1-score": 0.9965290568694384,
      "support": 368.0
    },
    "weighted avg": {
      "precision": 0.9973021582733813,
      "recall": 0.9972826086956522,
      "f1-score": 0.997278270906542,
      "support": 368.0
    }
  }
}