{
  "subject": "sub-11",
  "accuracy": 0.6303961495742317,
  "perm_p": 0.001996007984031936,
  "cv_scores": [
    0.6351351351351351,
    0.5945945945945946,
    0.6756756756756757,
    0.684931506849315,
    0.5616438356164384
  ],
  "confusion": [
    [
      156,
      0,
      0
    ],
    [
      3,
      135,
      0
    ],
    [
      0,
      1,
      73
    ]
  ],
  "report": {
    "0": {
      "precision": 0.9811320754716981,
      "recall": 1.0,
      "f1-score": 0.9904761904761905,
      "support": 156.0
    },
    "1": {
      "precision": 0.9926470588235294,
      "recall": 0.9782608695652174,
      "f1-score": 0.9854014598540146,
      "support": 138.0
    },
    "2": {
      "precision": 1.0,
      "recall": 0.9864864864864865,
      "f1-score": 0.9931972789115646,
      "support": 74.0
    },
    "accuracy": 0.9891304347826086,
    "macro avg": {
      "precision": 0.9912597114317426,
      "recall": 0.9882491186839012,
      "f1-score": 0.9896916430805899,
      "support": 368.0
    },
    "weighted avg": {
      "precision": 0.9892442877479131,
      "recall": 0.9891304347826086,
      "f1-score": 0.9891203418847705,
      "support": 368.0
    }
  }
}